framework,model,start_time,first_token_time,completion_time,input_tokens,output_tokens,total_tokens,success,error_message,response_content,time_to_first_token,total_completion_time
OpenAI Direct,gpt-4o-mini,1752298988.0262,1752298988.199111,1752298995.361012,108,410,518,True,,"### Glean Company Overview
Glean is an innovative knowledge management platform designed to help teams and organizations capture, organize, and share information seamlessly. Founded in 2020, Glean leverages advanced AI technology to enhance workplace productivity by providing users with easy access to relevant documents, notes, and resources across various tools and repositories. The focus is on ensuring that knowledge is easily discoverable and usable, thus driving efficiency and collaboration in modern work environments.

### Key Products/Services
1. **Knowledge Management Platform**: Centralizes information from various sources to improve accessibility.
2. **AI-Powered Search**: Offers intelligent search capabilities that understand user context to deliver more relevant results.
3. **Integrations**: Seamlessly connects with tools like Google Workspace, Slack, Microsoft Teams, and more to facilitate data aggregation.

### Recent News or Developments
In recent months, Glean has announced several product enhancements, including improved AI algorithms for better search relevance and expanded integrations with major enterprise software platforms. The company has also secured additional funding to support growth, allowing further advancements in their technology and service offerings.

### Potential Pain Points for B2B Sales
1. **Market Competition**: Glean operates in a crowded knowledge management space with strong competitors, making differentiation crucial.
2. **Change Resistance**: Organizations may face internal resistance to adopting new systems, especially if their teams are accustomed to existing tools.
3. **Integration Concerns**: Potential clients might worry about how well Glean integrates with their current technology stack and workflows.

### Recommended Approach for Engagement
- **Educate about Value Proposition**: Focus on how Glean can solve specific pain points related to productivity and knowledge accessibility, highlighting case studies and testimonials.
- **Tailored Demonstrations**: Offer personalized demos that showcase how Glean integrates with tools they currently use, emphasizing ease of use and quick implementation.
- **Address Change Management**: Be prepared to discuss strategies for easing the transition and user training, reinforcing the long-term benefits of adopting Glean’s platform.",0.1729109287261963,7.3348119258880615
Anthropic Direct,claude-sonnet-4-20250514,1752298995.371982,1752298995.4634502,1752299010.591431,105,555,660,True,,"# Glean - Sales Research Brief

## Company Overview
Glean is an enterprise AI-powered work assistant that helps organizations find, understand, and act on their internal knowledge. Founded in 2019 by former Google engineers, the company has rapidly grown to serve Fortune 500 companies by solving the critical problem of information silos. Glean connects to all company applications and data sources, creating a unified search and knowledge discovery platform that increases employee productivity and reduces time spent searching for information.

## Key Products/Services
- **Glean Search**: AI-powered enterprise search across all company systems and applications
- **Glean Assistant**: Conversational AI that answers questions and provides insights from company data
- **Knowledge Management**: Automated content curation and knowledge base creation
- **Analytics & Insights**: Usage analytics and knowledge gap identification
- **Integrations**: 100+ connectors to popular business applications (Slack, Jira, Confluence, SharePoint, etc.)

## Recent News & Developments
- **Series C Funding (2024)**: Raised $200M at $2.2B valuation, demonstrating strong investor confidence
- **Rapid Customer Growth**: Expanded customer base to include major enterprises like Databricks, Canva, and Sony
- **Product Enhancements**: Recent launches include improved AI capabilities and expanded integration ecosystem
- **Market Recognition**: Named a leader in enterprise search solutions by industry analysts

## Potential Pain Points for B2B Sales
- **Information Overload**: Employees waste 2.5 hours daily searching for information
- **Knowledge Silos**: Critical information trapped in different systems and departments
- **Onboarding Challenges**: New employees struggle to find relevant resources and context
- **Compliance & Security**: Difficulty maintaining data governance while enabling knowledge sharing
- **Remote Work Inefficiencies**: Distributed teams can't easily access institutional knowledge

## Recommended Engagement Approach
1. **Lead with ROI**: Focus on quantifiable productivity gains (20-30% reduction in search time)
2. **Target IT Leaders & CDOs**: Primary decision-makers concerned with data strategy and employee experience
3. **Use Case-Driven Demo**: Tailor demonstrations to specific industry scenarios and pain points
4. **Security-First Messaging**: Emphasize enterprise-grade security and compliance capabilities
5. **Pilot Program**: Propose departmental pilots to demonstrate value before full enterprise rollout

**Best Contacts**: Chief Data Officers, VP of Engineering, Head of IT, Chief Information Officers",0.09146809577941895,15.219448804855347
LangChain,gpt-4o-mini,1752299010.6004632,1752299010.7819881,1752299016.250886,108,408,516,True,,"### Company Overview
Glean is a fast-growing software company that specializes in knowledge management solutions. Their platform is designed to enhance workplace productivity by enabling teams to easily find and share information across various sources. Glean primarily targets organizations looking to improve their collaboration and reduce knowledge silos in the age of remote work.

### Key Products/Services
- **Glean Knowledge Management Platform**: Centralizes company knowledge and team insights to improve information retrieval and shareable knowledge.
- **Integration Capabilities**: Seamlessly connects with popular tools such as Slack, Google Workspace, and Microsoft Teams, enhancing user experience.
- **Analytics Dashboard**: Provides insights into knowledge sharing trends and areas for improvement within teams.

### Recent News or Developments
Glean recently announced a strategic partnership with prominent team communication platforms to bolster their integration offerings. They also secured a round of funding aimed at expanding their product features and enhancing customer support, indicating strong investor confidence in their growth trajectory.

### Potential Pain Points for B2B Sales
- **Overloaded Information Systems**: Organizations often struggle with excessive data and inefficient knowledge sharing, leading to time wastage.
- **Cultural Resistance**: Teams may be hesitant to adopt new tools, which can slow down the implementation of Glean’s solutions.
- **Budget Constraints**: Some businesses may be cautious of investing in new technologies without a clear ROI, especially in uncertain economic climates.

### Recommended Approach for Engagement
- **Value Proposition**: Focus on how Glean can streamline knowledge management and boost productivity, emphasizing time savings and improved collaboration.
- **Tailored Demos**: Offer personalized demonstrations that highlight Glean’s integration with the prospect’s existing tools and how it addresses specific pain points.
- **Case Studies**: Share success stories from similar industries or companies that have benefitted from Glean’s solutions to build trust and credibility.
- **Follow-Up**: Regularly check in post-demo to address any concerns, gather feedback, and reinforce the value of Glean’s platform in their operational context.",0.18152499198913574,5.650422811508179
Strands Agents,us.anthropic.claude-3-5-sonnet-20241022-v2:0,1752299016.2667542,1752299016.363157,1752299028.6433868,76,327,403,True,,"Here's a sales research brief on Glean:

1. Company Overview
- Glean is an AI-powered workplace search company founded in 2019 by former Google, Facebook, and Uber engineers
- They provide an enterprise search solution that helps employees find and utilize internal company information across all workplace apps and tools
- Backed by major investors including Sequoia Capital, with over $100M in funding, indicating strong market validation

2. Key Products/Services
- Enterprise search platform that unifies workplace knowledge
- AI-powered search across all company tools (Slack, Gmail, Docs, Confluence, etc.)
- Personal search rankings based on user role and relationships
- Security and compliance features for enterprise use
- Knowledge management and analytics capabilities

3. Recent News/Developments
- Raised $100M Series C in 2022 at a $1B+ valuation
- Expanded partnerships with major enterprise software providers
- Growing customer base including major enterprises like Uber, Databricks, and Grammarly

4. Potential Pain Points
- Long implementation cycles for enterprise-wide deployment
- ROI justification for large organizations
- Integration complexity with legacy systems
- Security and compliance concerns for sensitive data
- Employee adoption and change management

5. Recommended Approach
- Focus on productivity loss due to fragmented information systems
- Emphasize time savings and improved employee efficiency
- Highlight successful implementations with similar-sized companies
- Address security concerns early in the conversation
- Target IT decision-makers and Knowledge Management leaders
- Lead with ROI metrics from existing customer success stories

Best initial contacts: CIO, Head of Knowledge Management, IT Directors, Digital Workplace Leaders
",0.09640288352966309,12.376632690429688
xAI Direct,grok-3,1752299028.658866,1752299028.668233,1752299037.440738,107,600,707,True,,"### Research on Glean for B2B Sales Preparation

1. **Company Overview**  
Glean is a technology company specializing in enterprise search and knowledge management solutions, founded in 2019 and headquartered in Palo Alto, California. The company focuses on helping organizations unlock the full potential of their internal data by providing AI-powered search tools that connect employees with relevant information across various platforms. Glean serves a wide range of industries, including technology, finance, and healthcare, and has raised significant funding, including a $200 million Series D round in 2024, valuing the company at over $2 billion.

2. **Key Products/Services**  
- **Glean Search**: An AI-driven enterprise search platform that integrates with tools like Slack, Google Workspace, and Microsoft 365 to deliver personalized, relevant search results.  
- **Knowledge Management**: Tools to centralize and organize company knowledge, reducing silos and improving productivity.  
- **Generative AI Features**: Recently introduced AI assistants and chat functionalities to provide actionable insights and automate workflows.

3. **Recent News/Developments**  
- In February 2024, Glean raised $200 million in a Series D funding round led by Kleiner Perkins and Lightspeed Venture Partners, signaling strong investor confidence and plans for global expansion.  
- The company announced enhancements to its generative AI capabilities in mid-2024, positioning itself as a competitor to tools like Microsoft Copilot and Google Gemini for enterprise use.  
- Glean has been expanding its customer base, with notable clients like Uber, Databricks, and Canva adopting its solutions.

4. **Potential Pain Points for B2B Sales**  
- **Data Silos**: Many enterprises struggle with fragmented data across multiple platforms, leading to inefficiencies in accessing critical information.  
- **Employee Productivity**: Difficulty in finding relevant documents or expertise internally can hinder decision-making and slow down operations.  
- **Adoption Challenges**: Integrating new search tools with existing systems and ensuring user adoption across large teams can be a barrier.  
- **Cost Sensitivity**: As a premium solution, budget constraints or ROI justification may be a concern for some organizations.

5. **Recommended Approach for Engagement**  
- **Personalized Outreach**: Research the prospect’s industry and highlight how Glean has solved similar challenges for comparable companies (e.g., Uber for tech or Canva for creative industries).  
- **Focus on ROI**: Emphasize measurable outcomes like time saved on searches, improved productivity, and reduced knowledge gaps—use case studies or stats from Glean’s website if available.  
- **Address Integration**: Offer to discuss how Glean seamlessly connects with their existing tech stack (e.g., Slack or Microsoft 365) and provide a demo to showcase ease of use.  
- **Target Key Stakeholders**: Engage IT leaders for technical integration concerns and HR or operations leaders for productivity and knowledge management benefits.  

This approach positions your team to address Glean’s value proposition while proactively tackling potential objections during outreach.",0.009366989135742188,8.781872034072876
Gemini Direct,gemini-2.0-flash-001,1752299037.45445,1752299037.749902,1752299043.483983,91,828,919,True,,"Okay, here's a concise overview of Glean for sales preparation:

**1. Company Overview:**

Glean is an AI-powered enterprise search and knowledge discovery platform. It connects to all your company's apps, understands user intent, and delivers personalized, relevant information in a unified search experience. Glean aims to make finding information easier and faster for employees, boosting productivity and knowledge sharing.

**2. Key Products/Services:**

*   **Glean Search:** Centralized search across all enterprise applications (e.g., Google Workspace, Salesforce, Confluence, Slack, etc.)
*   **Personalized Recommendations:** AI-driven suggestions for relevant content and experts based on user behavior and context.
*   **Answers & Summarization:** Summarizes documents, generates answers to questions using existing knowledge, and surfaces expert insights.
*   **Workflows & Automation:** Enables creation of custom workflows and automates information retrieval and task management.
*   **Glean Analytics:** Provides insights into knowledge gaps and search behavior to improve content and training.

**3. Recent News or Developments:**

*   **[Look for recent funding announcements or partnerships via Google News Search: ""Glean funding"" or ""Glean partnerships""]** - Any recent large funding rounds suggest they're aggressively pursuing growth and may be more open to new solutions that complement their offerings.
*   **[Check their blog or press releases on their website for product updates and customer success stories.]** - This provides concrete examples to use in your pitch and tailor it to specific verticals.
*   **AI Focus:** Glean consistently emphasizes AI in their messaging, indicating a strong focus on innovation in that area.

**4. Potential Pain Points for B2B Sales (that your solution could address):**

*   **Overwhelmed Knowledge Workers:** Glean solves information overload, but companies may need help *creating* high-quality content or *structuring* their information architecture to fully benefit from Glean. This is a potential ""white space"" opportunity.
*   **Integration Challenges:** Implementing and maintaining integrations across numerous applications can be complex and time-consuming. Companies might need solutions to streamline this process, especially if they have legacy systems.
*   **Adoption & Training:** Getting employees to adopt a new search platform requires training and change management. Companies may seek additional support in this area.
*   **Data Governance & Security:** Integrating multiple systems raises data security and compliance concerns. Companies need robust solutions to manage access controls and ensure data privacy.
*   **Cost Optimization:** Companies are always looking for ways to optimize spend. Solutions that either help them use Glean more efficiently or complement it without significant cost may be attractive.

**5. Recommended Approach for Engagement:**

*   **Focus on Complementary Solutions:** Position your product/service as a way to enhance or address gaps in Glean's offering (e.g., content creation tools, specialized integration solutions, advanced security features).
*   **Highlight Efficiency Gains:** Emphasize how your solution can save time, reduce costs, or improve the ROI of Glean investments.
*   **Use Data-Driven Insights:** Research target companies to identify specific challenges they face (e.g., large remote workforce, recent acquisitions) and tailor your pitch accordingly. Show that you understand their environment.
*   **Talk ROI/Value:** Quantify the value you bring, not just in terms of features, but in terms of concrete business outcomes. For example, ""reduce employee onboarding time by X%,"" or ""improve data security posture by Y%.""
*   **Tailor to Decision Makers:** Identify key decision-makers within IT, Knowledge Management, or HR departments and tailor your messaging to their specific priorities.
*   **Leverage Customer Stories:** If you have case studies of companies using your solution alongside similar enterprise search platforms, highlight those successes.

Remember to personalize your outreach and demonstrate a clear understanding of Glean's value proposition before positioning your own solution. Good luck!
",0.2954521179199219,6.02953314781189
